State,County,Census Tract Number,Rural Status
Colorado, Adams County,8001007801,Non-rural
Colorado, Adams County,8001007802,Non-rural
Colorado, Adams County,8001007900,Non-rural
Colorado, Adams County,8001008100,Non-rural
Colorado, Adams County,8001008308,Non-rural
Colorado, Adams County,8001008309,Non-rural
Colorado, Adams County,8001008505,Non-rural
Colorado, Adams County,8001008506,Non-rural
Colorado, Adams County,8001008508,Non-rural
Colorado, Adams County,8001008533,Non-rural
Colorado, Adams County,8001008554,Non-rural
Colorado, Adams County,8001008603,Rural
Colorado, Adams County,8001008606,Rural
Colorado, Adams County,8001008705,Non-rural
Colorado, Adams County,8001008706,Non-rural
Colorado, Adams County,8001008709,Non-rural
Colorado, Adams County,8001008801,Non-rural
Colorado, Adams County,8001008802,Non-rural
Colorado, Adams County,8001009001,Non-rural
Colorado, Adams County,8001009004,Non-rural
Colorado, Adams County,8001009103,Non-rural
Colorado, Adams County,8001009202,Non-rural
Colorado, Adams County,8001009203,Non-rural
Colorado, Adams County,8001009207,Non-rural
Colorado, Adams County,8001009306,Non-rural
Colorado, Adams County,8001009307,Non-rural
Colorado, Adams County,8001009308,Non-rural
Colorado, Adams County,8001009309,Non-rural
Colorado, Adams County,8001009310,Non-rural
Colorado, Adams County,8001009316,Non-rural
Colorado, Adams County,8001009318,Non-rural
Colorado, Adams County,8001009319,Non-rural
Colorado, Adams County,8001009320,Non-rural
Colorado, Adams County,8001009321,Non-rural
Colorado, Adams County,8001009322,Non-rural
Colorado, Adams County,8001009407,Non-rural
Colorado, Adams County,8001009501,Non-rural
Colorado, Adams County,8001009603,Non-rural
Colorado, Adams County,8001009604,Non-rural
Colorado, Adams County,8001009606,Non-rural
Colorado, Adams County,8001009751,Non-rural
Colorado, Adams County,8001009752,Non-rural
Colorado, Adams County,8001015000,Non-rural
Colorado, Alamosa County,8003960100,Rural
Colorado, Alamosa County,8003960201,Rural
Colorado, Alamosa County,8003960202,Rural
Colorado, Alamosa County,8003960300,Rural
Colorado, Arapahoe County,8005004951,Non-rural
Colorado, Arapahoe County,8005005551,Non-rural
Colorado, Arapahoe County,8005005552,Non-rural
Colorado, Arapahoe County,8005005702,Non-rural
Colorado, Arapahoe County,8005006501,Non-rural
Colorado, Arapahoe County,8005006601,Non-rural
Colorado, Arapahoe County,8005007201,Non-rural
Colorado, Arapahoe County,8005007202,Non-rural
Colorado, Arapahoe County,8005007301,Non-rural
Colorado, Arapahoe County,8005007302,Non-rural
Colorado, Arapahoe County,8005007400,Non-rural
Colorado, Arapahoe County,8005007500,Non-rural
Colorado, Arapahoe County,8005007600,Non-rural
Colorado, Arapahoe County,8005007702,Non-rural
Colorado, Arapahoe County,8005007703,Non-rural
Colorado, Arapahoe County,8005007704,Non-rural
Colorado, Arapahoe County,8005080100,Non-rural
Colorado, Arapahoe County,8005080600,Non-rural
Colorado, Arapahoe County,8005080800,Non-rural
Colorado, Arapahoe County,8005081001,Non-rural
Colorado, Arapahoe County,8005081002,Non-rural
Colorado, Arapahoe County,8005081101,Non-rural
Colorado, Arapahoe County,8005081102,Non-rural
Colorado, Arapahoe County,8005081200,Non-rural
Colorado, Arapahoe County,8005081500,Non-rural
Colorado, Arapahoe County,8005081600,Non-rural
Colorado, Arapahoe County,8005081800,Non-rural
Colorado, Arapahoe County,8005082000,Non-rural
Colorado, Arapahoe County,8005082100,Non-rural
Colorado, Arapahoe County,8005082400,Non-rural
Colorado, Arapahoe County,8005082600,Non-rural
Colorado, Arapahoe County,8005084500,Non-rural
Colorado, Arapahoe County,8005086002,Non-rural
Colorado, Arapahoe County,8005086900,Non-rural
Colorado, Arapahoe County,8005087000,Non-rural
Colorado, Arapahoe County,8005087100,Non-rural
Colorado, Arapahoe County,8005087301,Non-rural
Colorado, Arapahoe County,8005087302,Non-rural
Colorado, Archuleta County,8007940400,Rural
Colorado, Baca County,8009964600,Rural
Colorado, Baca County,8009964700,Rural
Colorado, Bent County,8011966701,Rural
Colorado, Bent County,8011966702,Rural
Colorado, Boulder County,8013012205,Non-rural
Colorado, Boulder County,8013012300,Non-rural
Colorado, Boulder County,8013012507,Non-rural
Colorado, Boulder County,8013012605,Non-rural
Colorado, Boulder County,8013012609,Non-rural
Colorado, Boulder County,8013012610,Non-rural
Colorado, Boulder County,8013013210,Non-rural
Colorado, Boulder County,8013013306,Non-rural
Colorado, Boulder County,8013013307,Non-rural
Colorado, Boulder County,8013013308,Non-rural
Colorado, Boulder County,8013013401,Non-rural
Colorado, Boulder County,8013013503,Non-rural
Colorado, Boulder County,8013013505,Non-rural
Colorado, Boulder County,8013060802,Non-rural
Colorado, Chaffee County,8015000100,Rural
Colorado, Cheyenne County,8017960600,Rural
Colorado, Conejos County,8021974800,Rural
Colorado, Conejos County,8021974900,Rural
Colorado, Costilla County,8023972600,Rural
Colorado, Costilla County,8023972700,Rural
Colorado, Crowley County,8025969601,Rural
Colorado, Crowley County,8025969602,Rural
Colorado, Custer County,8027970102,Rural
Colorado, Delta County,8029964700,Rural
Colorado, Delta County,8029964800,Rural
Colorado, Delta County,8029964900,Rural
Colorado, Delta County,8029965001,Rural
Colorado, Delta County,8029965100,Rural
Colorado, Delta County,8029965201,Rural
Colorado, Delta County,8029965202,Rural
Colorado, Denver County,8031000705,Non-rural
Colorado, Denver County,8031000706,Non-rural
Colorado, Denver County,8031000800,Non-rural
Colorado, Denver County,8031000902,Non-rural
Colorado, Denver County,8031000903,Non-rural
Colorado, Denver County,8031000904,Non-rural
Colorado, Denver County,8031001000,Non-rural
Colorado, Denver County,8031001302,Non-rural
Colorado, Denver County,8031001401,Non-rural
Colorado, Denver County,8031001402,Non-rural
Colorado, Denver County,8031001403,Non-rural
Colorado, Denver County,8031001500,Non-rural
Colorado, Denver County,8031001901,Non-rural
Colorado, Denver County,8031002405,Non-rural
Colorado, Denver County,8031002604,Non-rural
Colorado, Denver County,8031003501,Non-rural
Colorado, Denver County,8031003502,Non-rural
Colorado, Denver County,8031003602,Non-rural
Colorado, Denver County,8031004005,Non-rural
Colorado, Denver County,8031004101,Non-rural
Colorado, Denver County,8031004102,Non-rural
Colorado, Denver County,8031004307,Non-rural
Colorado, Denver County,8031004404,Non-rural
Colorado, Denver County,8031004503,Non-rural
Colorado, Denver County,8031004504,Non-rural
Colorado, Denver County,8031004505,Non-rural
Colorado, Denver County,8031004506,Non-rural
Colorado, Denver County,8031004601,Non-rural
Colorado, Denver County,8031004602,Non-rural
Colorado, Denver County,8031004603,Non-rural
Colorado, Denver County,8031005003,Non-rural
Colorado, Denver County,8031005004,Non-rural
Colorado, Denver County,8031005104,Non-rural
Colorado, Denver County,8031006810,Non-rural
Colorado, Denver County,8031006813,Non-rural
Colorado, Denver County,8031006814,Non-rural
Colorado, Denver County,8031006816,Non-rural
Colorado, Denver County,8031006818,Non-rural
Colorado, Denver County,8031006902,Non-rural
Colorado, Denver County,8031007006,Non-rural
Colorado, Denver County,8031007037,Non-rural
Colorado, Denver County,8031007090,Non-rural
Colorado, Denver County,8031007091,Non-rural
Colorado, Denver County,8031008304,Non-rural
Colorado, Denver County,8031008305,Non-rural
Colorado, Denver County,8031008306,Non-rural
Colorado, Denver County,8031008391,Non-rural
Colorado, Denver County,8031015500,Non-rural
Colorado, Denver County,8031015600,Non-rural
Colorado, Denver County,8031015700,Non-rural
Colorado, Denver County,8031015800,Non-rural
Colorado, Dolores County,8033000100,Rural
Colorado, Douglas County,8035014015,Non-rural
Colorado, Elbert County,8039961100,Rural
Colorado, El Paso County,8041000104,Non-rural
Colorado, El Paso County,8041000301,Non-rural
Colorado, El Paso County,8041000302,Non-rural
Colorado, El Paso County,8041001101,Non-rural
Colorado, El Paso County,8041001104,Non-rural
Colorado, El Paso County,8041001302,Non-rural
Colorado, El Paso County,8041001700,Non-rural
Colorado, El Paso County,8041001901,Non-rural
Colorado, El Paso County,8041001902,Non-rural
Colorado, El Paso County,8041002000,Non-rural
Colorado, El Paso County,8041002101,Non-rural
Colorado, El Paso County,8041002102,Non-rural
Colorado, El Paso County,8041002300,Non-rural
Colorado, El Paso County,8041002801,Non-rural
Colorado, El Paso County,8041002901,Non-rural
Colorado, El Paso County,8041002902,Non-rural
Colorado, El Paso County,8041003001,Non-rural
Colorado, El Paso County,8041003303,Non-rural
Colorado, El Paso County,8041003308,Non-rural
Colorado, El Paso County,8041003802,Non-rural
Colorado, El Paso County,8041004009,Non-rural
Colorado, El Paso County,8041004405,Non-rural
Colorado, El Paso County,8041004406,Non-rural
Colorado, El Paso County,8041004501,Non-rural
Colorado, El Paso County,8041004507,Non-rural
Colorado, El Paso County,8041004513,Non-rural
Colorado, El Paso County,8041005000,Non-rural
Colorado, El Paso County,8041005201,Non-rural
Colorado, El Paso County,8041005300,Non-rural
Colorado, El Paso County,8041005400,Non-rural
Colorado, El Paso County,8041005502,Non-rural
Colorado, El Paso County,8041006000,Non-rural
Colorado, El Paso County,8041006100,Non-rural
Colorado, El Paso County,8041006200,Non-rural
Colorado, El Paso County,8041006302,Non-rural
Colorado, El Paso County,8041008000,Non-rural
Colorado, Fremont County,8043978200,Rural
Colorado, Fremont County,8043978300,Rural
Colorado, Fremont County,8043978400,Rural
Colorado, Fremont County,8043978500,Rural
Colorado, Fremont County,8043978600,Rural
Colorado, Fremont County,8043979001,Rural
Colorado, Fremont County,8043979002,Rural
Colorado, Fremont County,8043979100,Rural
Colorado, Fremont County,8043979400,Rural
Colorado, Garfield County,8045952100,Rural
Colorado, Gunnison County,8051963702,Rural
Colorado, Huerfano County,8055960600,Rural
Colorado, Huerfano County,8055960901,Rural
Colorado, Huerfano County,8055960902,Rural
Colorado, Jackson County,8057955600,Rural
Colorado, Jefferson County,8059009856,Non-rural
Colorado, Jefferson County,8059009901,Non-rural
Colorado, Jefferson County,8059010100,Non-rural
Colorado, Jefferson County,8059010209,Non-rural
Colorado, Jefferson County,8059010402,Non-rural
Colorado, Jefferson County,8059010403,Non-rural
Colorado, Jefferson County,8059010406,Non-rural
Colorado, Jefferson County,8059010702,Non-rural
Colorado, Jefferson County,8059010902,Non-rural
Colorado, Jefferson County,8059011102,Non-rural
Colorado, Jefferson County,8059011401,Non-rural
Colorado, Jefferson County,8059011552,Non-rural
Colorado, Jefferson County,8059011601,Non-rural
Colorado, Jefferson County,8059011602,Non-rural
Colorado, Jefferson County,8059011729,Non-rural
Colorado, Jefferson County,8059011730,Non-rural
Colorado, Jefferson County,8059011732,Non-rural
Colorado, Jefferson County,8059011804,Non-rural
Colorado, Jefferson County,8059011808,Non-rural
Colorado, Jefferson County,8059015900,Non-rural
Colorado, Kiowa County,8061960100,Rural
Colorado, Kit Carson County,8063962400,Rural
Colorado, Larimer County,8069000100,Non-rural
Colorado, Larimer County,8069000201,Non-rural
Colorado, Larimer County,8069000401,Non-rural
Colorado, Larimer County,8069000503,Non-rural
Colorado, Larimer County,8069000504,Non-rural
Colorado, Larimer County,8069000505,Non-rural
Colorado, Larimer County,8069000506,Non-rural
Colorado, Larimer County,8069000600,Non-rural
Colorado, Larimer County,8069000901,Non-rural
Colorado, Larimer County,8069001111,Non-rural
Colorado, Larimer County,8069001304,Non-rural
Colorado, Larimer County,8069001305,Non-rural
Colorado, Larimer County,8069001306,Non-rural
Colorado, Larimer County,8069001707,Non-rural
Colorado, Larimer County,8069001902,Non-rural
Colorado, Larimer County,8069001904,Rural
Colorado, Larimer County,8069002005,Non-rural
Colorado, Larimer County,8069002008,Non-rural
Colorado, Larimer County,8069002504,Non-rural
Colorado, Larimer County,8069002803,Rural
Colorado, Las Animas County,8071000100,Rural
Colorado, Las Animas County,8071000200,Rural
Colorado, Las Animas County,8071000300,Rural
Colorado, Las Animas County,8071000400,Rural
Colorado, Las Animas County,8071000500,Rural
Colorado, Lincoln County,8073961800,Rural
Colorado, Logan County,8075966102,Rural
Colorado, Logan County,8075966200,Rural
Colorado, Logan County,8075966300,Rural
Colorado, Mesa County,8077000400,Non-rural
Colorado, Mesa County,8077000500,Non-rural
Colorado, Mesa County,8077000700,Non-rural
Colorado, Mesa County,8077001104,Non-rural
Colorado, Mesa County,8077001705,Non-rural
Colorado, Mesa County,8077001706,Non-rural
Colorado, Mineral County,8079973600,Rural
Colorado, Moffat County,8081000400,Rural
Colorado, Montezuma County,8083941100,Rural
Colorado, Montezuma County,8083969000,Rural
Colorado, Montezuma County,8083969400,Rural
Colorado, Montezuma County,8083969600,Rural
Colorado, Montrose County,8085966100,Rural
Colorado, Montrose County,8085966201,Rural
Colorado, Montrose County,8085966301,Rural
Colorado, Montrose County,8085966401,Rural
Colorado, Montrose County,8085966503,Rural
Colorado, Montrose County,8085966601,Rural
Colorado, Morgan County,8087000300,Rural
Colorado, Morgan County,8087000400,Rural
Colorado, Morgan County,8087000500,Rural
Colorado, Morgan County,8087000600,Rural
Colorado, Otero County,8089968000,Rural
Colorado, Otero County,8089968100,Rural
Colorado, Otero County,8089968200,Rural
Colorado, Otero County,8089968300,Rural
Colorado, Otero County,8089968400,Rural
Colorado, Otero County,8089968500,Rural
Colorado, Otero County,8089968600,Rural
Colorado, Park County,8093000500,Rural
Colorado, Phillips County,8095967700,Rural
Colorado, Prowers County,8099000200,Rural
Colorado, Prowers County,8099000600,Rural
Colorado, Prowers County,8099000700,Rural
Colorado, Pueblo County,8101000200,Non-rural
Colorado, Pueblo County,8101000300,Non-rural
Colorado, Pueblo County,8101000400,Non-rural
Colorado, Pueblo County,8101000500,Non-rural
Colorado, Pueblo County,8101000600,Non-rural
Colorado, Pueblo County,8101000800,Non-rural
Colorado, Pueblo County,8101000903,Non-rural
Colorado, Pueblo County,8101000905,Non-rural
Colorado, Pueblo County,8101001100,Non-rural
Colorado, Pueblo County,8101001200,Non-rural
Colorado, Pueblo County,8101001400,Non-rural
Colorado, Pueblo County,8101002000,Non-rural
Colorado, Pueblo County,8101002100,Non-rural
Colorado, Pueblo County,8101002200,Non-rural
Colorado, Pueblo County,8101002600,Non-rural
Colorado, Pueblo County,8101003001,Non-rural
Colorado, Pueblo County,8101003103,Non-rural
Colorado, Pueblo County,8101003500,Non-rural
Colorado, Rio Blanco County,8103951100,Rural
Colorado, Rio Blanco County,8103951200,Rural
Colorado, Rio Grande County,8105976700,Rural
Colorado, Rio Grande County,8105976800,Rural
Colorado, Saguache County,8109977600,Rural
Colorado, Saguache County,8109977700,Rural
Colorado, San Juan County,8111972600,Rural
Colorado, San Miguel County,8113968200,Rural
Colorado, Sedgwick County,8115968300,Rural
Colorado, Washington County,8121924100,Rural
Colorado, Weld County,8123000100,Non-rural
Colorado, Weld County,8123000200,Non-rural
Colorado, Weld County,8123000401,Non-rural
Colorado, Weld County,8123000402,Non-rural
Colorado, Weld County,8123000501,Non-rural
Colorado, Weld County,8123000502,Non-rural
Colorado, Weld County,8123000600,Non-rural
Colorado, Weld County,8123000701,Non-rural
Colorado, Weld County,8123000703,Non-rural
Colorado, Weld County,8123000704,Non-rural
Colorado, Weld County,8123000800,Non-rural
Colorado, Weld County,8123001003,Non-rural
Colorado, Weld County,8123001004,Non-rural
Colorado, Weld County,8123001006,Non-rural
Colorado, Weld County,8123001201,Non-rural
Colorado, Weld County,8123001300,Non-rural
Colorado, Weld County,8123001905,Rural
Colorado, Weld County,8123001906,Rural
Colorado, Weld County,8123001910,Rural
Colorado, Weld County,8123001911,Rural
Colorado, Weld County,8123002501,Rural
Colorado, Yuma County,8125963200,Rural